ドイツ語例文,日本語訳
Die Straßennamen von Berlin kannte der Taxifahrer von A bis Z.,ベルリンの道路の名前をそのタクシーの運転手はすべて知っている。
Die alte Witwe lädt uns ab und zu zum Tee ein.,その老いた未亡人は私たちをときどきお茶に招いてくれる。
"Abgesehen davon, dass ich keine Ballspiele mag, macht der Sportunterricht Spaß.",球技が好きでないことを別にすれば体育の授業は楽しい。
In seiner Rede sprach der Ministerpräsident zum Abschluss noch über die Auflösung des Parlaments.,首相はスピーチの終わりに議会の解散について話した。
Bis morgen muss die Arbeit zum Abschluss gebracht werden.,明日までにこの仕事を終えなくてはならない。
Er hat uns mit Absicht bei der Arbeit gestört.,彼はわざと私たちの仕事の邪魔をした。
Er hat sie ohne Absicht beleidigt.,彼はうっかり彼女の感情を害してしまった。
Vor Schmerzen schrie sie Ach und Weh.,痛みのあまりに彼女は嘆きわめいた。
"Als die Mutter nach den Leistungen fragte, zuckte das Kind nur die Achseln.",母親がメリットについて尋ねると、子供は肩をすくめるだけでした。
Einen so kleinen Fehler können wir ruhig außer Acht lassen.,そんな些細なミスは気にかけなくても良い。
Nehmen Sie sich bitte vor Grippenviren in Acht!,インフルエンザウイルスに気をつけて下さい。
Ich habe keine Ahnung von Musik.,私は音楽のことは何もわからない。
Schon früh am Morgen sind viele Tiere in Aktion.,朝早くにもう多くの動物が活動している。
Jetzt ist es der günstigste Zeitpunkt. Wir sollten in Aktion treten.,今がいい潮時だ。我々は行動を起こすべきだ。
Alles in allem ist unsere Firma in den roten Zahlen.,結局のところ、我が社は赤字だ。
Vor allem leiden die alten Leute unter der Einsamkeit.,特に老人たちが孤独に悩んでいる。（unter ...3 leiden : ...3で悩む）
Sowohl Japaner als auch Deutsche sind im Allgemeinen fleißig.,日本人もドイツ人も一般的に勤勉である。
"Der Plan ist an sich ausgezeichnet, aber es ist schwer ihn zu verwirklichen.",計画自体は素晴らしいが、実行するのは難しい。
Der Vortrag war von Anfang bis Ende sehr anregend.,その講演は初めから終わりまで非常に示唆に富むものだった。
Diese Maschine war von Anfang an nicht in Ordnung.,この機会は初めから調子が良くなかった。
Wer macht den Anfang?,誰から先に始めますか？
Der faule Sohn ist finanziell noch auf seine Eltern angewiesen.,その怠け者の息子はまだ経済的に親を頼りにしている。
Die Journalistin nahm die Recherche für ihren Artikel schon früh in Angriff.,そのジャーナリストは彼女の記事のための調査にもう早くから取り掛かっていた。
"Es kommt auf das Wetter an, ob wir morgen abreisen können.",明日旅立てるかどうかは天候次第だ。
Auf das Geld kommt es nicht an.,お金のことは問題ではない。
"Er nahm das Gespräch zum Anlass, Verbindungen herzustellen.",彼はその会談をコネをつけることに利用した。
Allem Anschein nach sind sie schon abgereist.,どうやら彼らはすでに去ったようだ。
Im Anschluss an die Präsentation fand eine Diskussion statt.,プレゼンテーションに引き続いて検討が行われた。
Meiner Ansicht nach wird die wirtschaftliche Lage immer schlimmer.,私の考えでは、経済状況は悪化している。
"Die Politiker sind der Ansicht, dass die Verbrauchsteuer erhöht werden soll.",政治家たちは消費税を上げなければならないと考えている。
Diese Arbeit nimmt sehr viel Zeit in Anspruch.,この仕事には非常に多くの時間が必要だ。
"Die Kinder machten keine Anstalten, nach Hause zu gehen.",子供達は一向に家に帰ろうとはしなかった。
Der Vortrag erregte bei vielen Zuhörern Anstoß.,その講演は多くの聴衆を不快にさせた。
Die Teilnehmer nahmen Anstoß an seinem Benehmen.,参加者は彼の態度を不快に思った。
Sie nimmt an der Politik regen Anteil.,彼女は政治に積極的な関心を抱いている。
Ihre Erfindungen konnten mit Erfolg in Anwendung gebracht werden.,彼らの発明はうまく実用化されることができた。
Einen so schweren Betrug sollte man zur Anzeige bringen.,そのような悪質な詐欺は警察に訴えるべきだ。
Sie gingen Arm in Arm auf der Straße.,彼らは腕を組んで通りを歩いて行った。
Seine Kollegen nahmen ihn oft auf den Arm.,彼の同僚は彼をよくからかった。
Beim 100-Meterlauf kam ich schon nach 80 Metern außer Atem.,100メートル競争で私はもう80メートルほどで息が切れた。
Ich teile mit ihm das Auf und Ab des Lebens.,私は彼と人生の浮き沈みを共にしてきた。
"Er machte mich darauf aufmerksam, dass ich meine Tasche im Restaurant hatte liegen lassen.",彼は私にレストランでバッグを置き忘れたことを気づかせてくれた。
Auch Japaner sind langsam auf die Umweltprobleme aufmerksam geworden.,日本人も次第に環境問題に注意を向け始めた。
Er hat ein Auge für Kunstgegenstände.,彼は美術品を見る目がある。
Ich möchte mit Ihnen unter vier Augen sprechen.,私はあなたと二人だけで話がしたい。
"Als sie den Mann sah, machte sie große Augen.",その男を見たとき、彼女は目を丸くした。
Die Gäste können jeden Augenblick kommen.,今にもゲストが来るかもしれない。
Ich bin im Augenblick sehr beschäftigt und kann dir nicht helfen.,私は今とても忙しくて君を手伝うことができない。
Willst du ihr heute einen Heiratsantrag machen? Ich drückte dir die Daumen!,きょう彼女にプロポーズするつもりなのか？成功を祈るよ。
Das steht nicht zur Debatte.,それは議論の対象外だ。
"Er kommt bestimmt, es sei denn, dass er krank ist.",病気でもない限り彼はきっと来る。
Von ihrem letzten Unfall haben sie in allen Details erzählt.,この前の事故について彼らは詳細に物語った。
Sie musste von ihrem Erlebnis bis ins kleinste Detail berichten.,彼女は体験したことを細大漏らさず報告しなければならなかった。
"Auf gut Deutsch gesagt, ist alles falsch, was Sie gesagt haben.",率直に言えば、あなたが言ったことはすべて間違っている。
Sie ist immer guter Dinge.,彼女はいつも機嫌がいい。
Vor allen Dingen musst du auf die Gesundheit achten!,何よりもまず健康に留意しなさい。
Ich möchte heute die Trennung des Mülls zur Diskussion stellen.,今日はゴミの分別について討論してほしいと思います。
In der Firma steht das neue Projekt zur Diskussion.,会社では新しいプロジェクトが問題にされている。
Sie haben die Preisrichter unter Druck gesetzt.,かれらは審査員に圧力をかけてきた。
Das Obst ist durch und durch verfault.,果物は完全に腐っている。
Ich gehe im Durchschnitt dreimalmonatlich ins Kino.,私は平均して月に3回映画に行く。
Die begeisterten Anhänger stürmten in Dutzenden auf den Spieler.,熱狂的なファンが大挙してその選手に殺到した。
Er ist immer in Eile.,彼はいつも急いでいる。
Ich habe es mit der Arbeit sehr eilig.,わたしはその仕事をとても急いでいる。
"Zum einen habe ich kein Geld, und zum anderen auch keine Lust, in die Ferien zu fahren.",休暇旅行に出かけるには第一お金もないし、次にその気もない。
Die Stadt machte auf uns alle einen guten Eindruck.,その町は私たちみんなに良い印象を与えた。
Der Präsident übt keinen Einfluss mehr auf die Firma aus.,会長は会社に対してもはや影響力はない。
Auf einmal fing es an zu regnen.,急に雨が降り出した。
Iss doch nicht alles auf einmal!,一度に全部を口に入れてはいけません。
Er hat uns nicht einmal gegrüßt.,彼は私たちに会釈すらしなかった。
Die Ursache des Unfalls muss im Einzelnen geklärt werden.,事故の原因は個々に解明されねばならない。
In seinem Aufsatz geht er über das Projekt ins Einzelne.,彼は論文の中でこのもんだいについて細部に渡り検討している。
"Die Nachbarin bat mich, ein Paket für sie in Empfang zu nehmen.",隣人の女性は私に小包を代わりに受け取ってくれるよう頼んだ。
Der Ministerpräsident nahm am Flughafen den Präsidenten in Empfang.,首相が大統領を空港で出迎えた。
Letzten Endes musst du dich selber entscheiden.,結局はきみが自分で決めなければならない。
Er war völlig am Ende.,彼はすっかり疲れ果てている。
Die Sache kam endlich zur Entscheidung.,事はようやく決定の運びとなった。
Meines Erachtens ist diese Rechnung falsch.,私はこの勘定は間違っていると思う。
Ich konnte endlich seine Adresse in Erfahrung bringen.,私はついにかれの住所を知ることができた。
Unser Versuch blieb leider ohne Erfolg.,私たちの実験は残念ながら不成功に終わった。
"Ich hoffe, dass mein Traum von einer Weltreise in Erfüllung geht.",sich erfüllen
Zur Erinnerung an unsere gemeinsame Reise schenke ich Ihnen dieses Fotoalubum.,一緒に旅行した思い出にあなたにこの写真アルバムをプレゼントします。
"Ich möchte Ihnen in Erinnerung bringen, dass hier Parken verboten ist.",ここは駐車禁止であることをご注意申し上げます。
Meinst du das im Ernst?,君は本気でそう思っているのか？
Sein Name wird in der Geschichte auf ewig bleiben.,彼の名は歴史に永遠に残るだろう。
Auf jeden Fall rufe ich Sie morgen an.,いずれにしても私は明日あなたにお電話します。
"Es wird Zeit, dass er endlich Farbe bekennt.",ついに彼が立場をはっきりさせる時が来た。
Bitte beruhigen Sie sich doch. Sie sind ja völlig außer Fassung.,どうぞ落ち着いてください。すっかり混乱されているようですから。
"Ich weiß nicht, was ihn aus der Fassung gebracht hat.",何が彼を狼狽させたのかわからない。
Man darf nicht immer auf eigene Faust handeln.,いつも自分勝手な行動をとってはいけない。
Mit diesem Problemen wurde sie lange nicht fertig.,この問題を彼女は長く解決できなかった。
Er ist immer sofort fuur alles Feuer und Flamme.,彼はいつもすぐに何にでも夢中になる。
"Ich mag nicht, wenn mein Chef mir auf die Finger sieht.",課長が私を監視するのは嫌だ。
Sie haben sich in den Finger geschnitten.,彼らは思い違いをした。
Ein großer Fisch wurde endlich geschnappt.,大物がようやく捕らえられた。
Nach dem Stadtmarathon waren die Läufer fix und fertig.,市民マラソンの後、ランナーは疲れ果てていた。
"Jeder freut sich, wenn er zwei Fliegen mit einer Klappe schlagen kann.",一石二鳥なら誰もが喜ぶ。
Er kam im letzten Augenblick.,彼は時間ギリギリにやってきた。
Das Buch brachte das Interesse des Autors am 1. Weltkrieg deutlich zum Ausdruck.,この本は著書の第一次世界大戦への関心をはっきりと表している。
Eine Krise kommt zum Ausdruck.,危機があらわになる。
Dem Aussehen nach geht es ihm gut.,見たところ、彼は元気なようだ。
Nach außen hin wirkte er ganz ruhig.,外見からは彼は落ち着き払っているように見えた。
Vor Zorn war ich außer mir.,怒りのあまり、私は我を忘れていた。
Vor der Eintrittsprüfung waren die Schüler aufs Äußerste aufgeregt.,入学試験を前にして生徒たちは極めて興奮していた。
Sie hat eine neue Stellung in Aussicht.,彼女は新しい職に就けそうだ。
Dieses Jahr steht eine gute Ernte in Aussicht.,今年は良い収穫が見込まれている。
Ich muss den langen Text auswendig lernen.,私はその長いセリフを暗記しなければならない。
"Nicht alles, was in der Zeitung steht, kann man für bare Münze nehmen.",新聞に載っていることを全て真に受けることはできない。
"Eine Privatschule muss darauf bedacht sein, Skandalen aus dem Weg zu gehen.",私立学校はスキャンダルを避けることに留意しなければならない。
Der Ministerpräsident antwortete mit Bedacht auf die Fragen der Journalisten.,首相は記者たちの質問に慎重に答えた。
Er gab ohne Bedacht sein Jawort.,彼は軽々しく承諾してしまった。
Bei Bedarf können Sie nach dem Zimmerservice rufen.,必要の際にはあなたはルームサービスを呼ぶことができる。
Sie können nach Bedarf ein Darlehen aufnehmen.,必要に応じて融資を受けることができます。
"Zu meinem Bedauern muss ich Ihnen mitteilen, dass eine Umbuchung meiner Reservierung erforderlich ist.",申しわけありませんが、予約を変更せざるをえないことをお知らせいたします。
Trotz aller Warnungen sprang der Junge ohne Bedenken ins Wasser.,あらゆる警告を無視してその少年はためらうことなく水に飛び込んだ。
"Ich war gerade im Begriff, das Zimmer zu verlassen.",私はちょうど部屋を出ようとしていたところだった。
Dieser Name ist mir kein Begriff.,この名前は聞いたことがない。
Das Fest wurde von den Studenten auf die Beine gestellt.,そのお祭りは学生たちの力によって実現した。
Die Opposition stellte ihm ein Bein.,反対派が彼を陥れた。
Wir müssen uns langsam auf die Beine machen.,私たちはそろそろ出かけなければならない。
Darf ich Sie mit Herrn Schmidt bekannt machen?,シュミットさんをご紹介いたします。
Die Firma machte den Angestellten mit den neuen Geschäftsordnungen bekannt.,会社は社員に新しい職務規定を通達した。
Das ist für uns ohne Belang.,それは私たちにとって重要ではない。
Der Kranke ist über den Berg.,病人は峠を越した。
In Berlin ist der Täter vielleicht mit ihm in Berührung gekommen.,ベルリンで多分犯人は彼と接触した。
"Ich gebe Ihnen Bescheid, wenn ich in der Stadt ankomme.",町に着いたらおしらせします。
"Sagen Sie mir bitte Bescheid, wenn Sie mit der Arbeit fertig sind!",仕事が済んだらおしらせください。
Wissen Sie in dieser Stadt Bescheid?,あなたはこの町に詳しいですか？
Er ergriff von den Spenden Besitz.,彼は寄付金を自分のものにしてしまった。
Die Fabrik ist außer Betrieb.,その工場は操業していない。
Die Maschine ist immer noch nicht in Betrieb.,その機械はいまだに用いられていない。
Der Aufzug wurde erst gestern in Betrieb genommen.,エレベーターは昨日動き始めたばかりだ。
Er konnte den Motor in Bewegung setzen.,彼はそのエンジンを動かすことができた。
Der Zug setzte sich in Bewegung.,列車は動き出した。
Zum Beweis der Dankbarkeit wurde ein Auto geschenkt.,感謝のしるしとして車が贈られた。
Ihr Austritt aus der Partei steht mit dem Gespräch in der letzten Woche in Beziehung.,彼女の党からの退会は先週の話し合いと関わりがある。
Den Rücktritt des Trainers kann man nicht zur Niederlage in der Vorrunde in Beziehung setzen.,監督の辞任と一次予選での敗北を関連づけるわけにはいかない。
Das Auto ist in jeder Beziehung zu empfehlen.,この車はあらゆる点で推薦できる。
In Bezug auf den neuen Plan haben wir noch nichts vom Abteilungsleiter erfahren.,この新しい計画に関して私たちは部長からまだ何も聞いていない。
"Bezug nehmend auf Ihr Schreiben vom 10. April teile ich Ihnen mit, dass ich an der Nächsten Hauptversammlung nicht teilnehmen kann.",4月10日付の貴信に関して、次の株主総会には出席できない旨ご連絡いたします。
Wie vom Blitz getroffen stand er da.,彼は呆然自失してそこに立ち尽くしていた。
Die Wirtschaft in Japan stand damals in voller Blüte.,日本経済は当時最盛期にあった。
Auch in Japan gewann die Umweltschutzbewegung allmählich an Boden.,日本でも環境保護運動が徐々に浸透していった。
Diese Partei hat schon längst an Boden verloren.,この政党はとっくに力を失っている。
Wir sitzen in einem Boot.,私達は運命を共にしている。
Der Mann steckte das Haus des Bürgermeisters in Brand.,その男は市長の家に放火した。
Das kann auf die Dauer nicht so weitergehen.,いつまでもそうはいかないだろう。
Die Ferien vergehen immer wie im Fluge.,休暇はいつも飛ぶように過ぎてしまう。
Sie werden deinem Befehl gern Folge leisten.,彼らは君の命令には喜んで従うだろう。
"Dies hatte zur Folge, dass er aus der Firma ausscheidet.",これで彼は会社を辞めるはめになった。
Ich werde die Regel in der Folge schon beachten.,今後は規則をちゃんと守ります。
Schreiben Sie bitte wie folgt!,次のように書いてください。
Nach dem Urlaub war er wieder gut in Form.,休暇の後彼はまた調子を取り戻した。
Am liebsten arbeite ich in einem fort. [*am liebsten: gernの最上級。gern-lieber-am liebsten）,私はぶっ通しで働くのが一番良い。
"Es ist keine Frage, dass ich Ihnen dabei helfe.",その際あなたを助けることは言うまでもない。
"Es steht außer Frage, dass der Fahrer an dem Unfall schuld.",運転手にその事故の責任があるのは言うまでもない。
Für diesen Posten kommt nur sie in Frage.,eine Option darstellen; geeignet sein
Diese teure Uhr kommt für mich nicht in Frage.,こんなに高い時計なんか問題外だ。
Er muss jeden Tag in aller Frühe arbeiten.,彼は毎日早朝に働かねばならない。
Früher oder später wirst du das Projekt betreuen.,遅かれ早かれ、君はそのプロジェクトを担当することになるだろう。
Aschenputtel musste von früh bis spät arbeiten.,シンデレラは朝早くから夜遅くまで働かねばならなかった。
"Du kannst mit Fug und Recht behaupten, dass du der Beste in der Klasse bist. [*der Beste: gutの最上級に名詞的用法]",君はクラスで一番であると胸を張って主張できる。
Damals stand er bereits auf eigenen Füßen.,当時彼はすでに自立していた。
"Ich frage mich, ob mein Sohn jemals auf eigenen Beinen stehen wird. [*sich frage: 疑問に思う]",私の息子はいつかは自立できるのだろうかと疑問に思っている。
Die Firma hat Finanzschwierigkeiten und steht auf schwachen Füßen.,その会社は経営が苦しく足元が揺らいでいた。
Er geht zu Fuß zur Schule.,彼は歩いて学校へ行く。
Er kommt sofort den Motor in Gang bringen.,彼はすぐにエンジンを動かすことができた。
Unsere gemeinsame Arbeit kam gut in Gang.,われわれの共同作業は順調に進んだ。
Die Maschine ist schon in Gang.,その機械はすでに作動していた。
Das ist ganz und gar falsch.,これは完全に間違っている。
An der Party haben im Ganzen etwa zweihundert Studenten teilgenommen.,全部で約200名の学生がそのパーティに参加した。
Er ist zum Musiker geboren.,彼は生まれながらの音楽家だ。
Ich mache gern von deiner Hilfe Gebrauch.,喜んで君の援助を受けよう。
Diese Wendungen sind längst außer Gebrauch gekommen.,これらの言い回しはとっくに用いられなくなっている。
Das neue Zimmer ist bereits in Gebrauch.,その新しい部屋はすでに使われている。
Ich habe unseren Hochzeitstag immer noch gut im Gedächtnis.,私たちの結婚式の日のことは今でもよく覚えています。
Der Zigarrenduft rief ihm das Arbeitszimmer seines Vaters ins Gedächtnis zurück.,その葉巻の香りは彼に父親の書斎を思い出させた。
Er macht sich über seine Zukunft Gedanken.,彼は将来のことについてよく考えてみた。
Das Essen meiner Frau ist immer ein Gedicht.,妻の料理はいつも美味しい。
Betreten der Baustelle auf eigene Gefahr!,工事現場への立ち入りには責任を負いません！[*掲示などでよく見かける表現]
Kannst du mir einen Gefallen tun?,君にお願いがあるんだけど。
Er fand an ihr Gefallen.,彼は彼女が気に入った。
Ich bin auf das Schlimmste gefasst. [*das Schlimmste: schlimmの最上級schlimmstの名詞的用法],私は最悪の場合の覚悟ができている。
Im Gegensatz zu meinem Vater sieht meine Mutter jünger aus.,父とは逆に母は年より若く見える。
"Sie ist nicht faul, ganz im Gegenteil.",彼女は怠け者なんかではない。全くその反対だ。
Wie könnt ihr euch in Gegenwart des Bischofs so respektlos benehmen?,どうしておまえたちは司教の目の前でそんな無礼な振る舞いができるのか？
Er hat den Plan vor dem Vater lange geheim gehalten. [*「...に対して」を表す場合はvor...3を用いる],彼はその計画を長い間父親には秘密にしておいた。
Es geht hier nicht um Geld.,これはお金の問題ではない。
Durch seine Niederlage wurde er zum Gelächter.,敗北によって彼は物笑いの種になった。
Kannst du mir bei Gelegenheit die CD bringen?,ついでの時にそのCDを持ってきてくれますか？
"Es gelang mir nicht, ihn telefonisch zu erreichen.",彼と電話で連絡を取ることができなかった。
Eine solche Erklärung kann ich nicht gelten lassen.,そのような説明には納得できない。
Das schwarze Kleid bringt ihre Schönheit noch mehr zur Geltung.,その黒いドレスは彼女の美しさをいっそう引き立たせている。
Ich habe viel mit meiner Frau gemein.,私は妻と共通点が沢山ある。
Ich habe genug von der Arbeit.,私はその仕事にうんざりしている。
Er ist damals oft ins Gerede gekommen.,彼は当時よく噂にのぼった。
Musik interessiert mich nicht im Geringsten.,私は音楽には全く興味がない。
Er hat das Gesicht verloren.,彼は面目を失った。
Das Kind machte ein langes Gesicht.,その子供はしょげた顔をした。
"Er macht alles, um das Gesicht zu wahren.",彼は体面を保つためなら、なんでもやる。
Diesen Hut soll ich aufsetzen? Möchtest du mich zum Gespött der Leute machen?,この帽子をかぶれというの？あなたは私をみんなの笑いものにしたいの？
Sie ist der schwierigen Situation gewachsen.,彼女にはこの困難な事態を克服する力がある。
Mit aller Gewalt versuchte er sie zu überreden.,何が何でも彼は彼女を説得しようとした。
Unser Lehrer legt viel Gewicht auf die Grammatik.,私たちの先生は文法をとても重視している。
"Da der Student zu spät kam, hatte er ein schlechtes Gewissen.",その学生は遅刻してきたので、気がとがめていた。
Es gibt gar keine Probleme.,全く問題はない。
Zum Glück hat mich niemand gesehen.,幸い私は誰にも見られなかった。
Er hat sie auf gut Glück zum Spaziergang abgeholt.,彼は出たとこ勝負で彼女を散歩に誘いに行った。
Ich habe Glück gehabt.,私は運が良かった。
Die Kinder sind Gott sei Dank zurückgekommen.,子供達は幸いなことに戻ってきた。
"Endlich ist es der Expedition gelungen, die Krise in den Griff zu bekommen.",ようやく探検隊は危機を乗り越えることに成功した。
Die Studenten haben die deutsche Grammatik noch nicht so ganz im Griff.,学生たちはドイツ語の文法をまだ完全には身につけていない。
Das Feuer griff schnell um sich.,火の手が急速に広がった。
Die Leistungen meines Sohnes waren im Großen und Ganzen nicht schlecht.,息子の成績は大体において悪くなかった。
Im Grunde genommen hat er Recht.,結局は彼は正しい。
Auf Grund meiner Erfahrungen habe ich meine Mitarbeiter beraten.,私の経験に基づいて部下にアドバイスをした。
Er wird oft ohne Grund wüntend.,彼はよく何の理由もなしに怒る。
Er hat es gut.,彼はうまくやっている。
"So gut ich kann, werde ich dir beistehen.",できる限り私は君を助ける。
Das ist so gut wie unmöglich.,それは不可能も同然だ。
Ich wäre um ein Haar überfahren worden. [*umは程度の差を表す前置詞で、「髪の毛1本の差で」の意味],あやうく車にひかれるところだった。
Ich habe noch zu arbeiten.,私はまだ仕事がある。
Er hat eine schwere Operation hinter sich.,彼は難しい手術を済ませた。
"Als er das Ergebnis erfuhr, war er halb froh, halb enttäuscht.",その結果を知った時、彼は半ば喜び、半ばがっかりした。
Ich halte ihn für ehrlich.,私は彼を正直だと思っている。
Er muss die Leitung des neuen Projekts in die Hand nehmen.,彼は新しいプロジェクトの指導を引き受けねばならない。
Unsere Uni liegt rechter Hand vom Rathaus.,私たちの大学は市役所の右手にある。
Bei unserer Firma arbeiten Japaner und Ausländer Hand in Hand.,私たちの会社では日本人と外国人が協力して働いている。
Es handelt sich um einen neuen Virus. [*重要な非人称熟語、esは文頭以外でも省略できない],その新しいウイルスのことが問題だ。
Er ist hier ein alter Hase.,彼はここではベテランだ。
Wir haben dafür keine Zeit. Da liegt der Hase im Pfeffer. [*der Hase im Pfeffer: こしょうをきかせたウサギ→すでに料理されたウサギ→どうしようもないもの→問題・難点となった],私たちには時間がない。それが問題だ。
Der Professor fährt leicht aus der Haut.,その教授はすぐにかっとなる。
Schweren Herzens verließ er seine Heimat.,重苦しい気持ちで、彼は故郷を後にした。
Ich danke Ihnen von ganzen Herzen.,心からお礼を申し上げます。
"Ich musste mir ein Herz fassen, bevor ich ihn anrief.",私は彼に電話をかける前に覚悟を決めなければならなかった。
Das liegt mir sehr am Herzen.,そのことが気になって仕方がない。
Mit Hilfe eines Wörterbuches können die Studenten in meiner Klasse schon deutsche Zeitungen lesen.,辞書の助けを借りれば、私のクラスの学生はもうドイツの新聞を読むことができる。
Wir müssen den Opfern Hilfe leisten.,私たちは被災者たちに援助の手を差し伸べるべきだ。
Der Berufsanfänger fährt immer geschäftlich hin und her.,その新入社員はいつも仕事であちこち飛び回っている。
Bitte einmal Berlin hin und zurück!,ベルリンまで往復1枚ください。
Der Alpinist ist schon über die Grenze hinaus.,その登山家はすでに国境を越えた。
Im Hinblick auf die Gesundheit fiel sie gestern auf.,健康のことを考えて彼女はきのう欠勤した。
Das Schloss ist in jeder Hinsicht gut geplant.,この城はあらゆる点でよく設計されている。
In Hinsicht auf die Kosten haben wir gar keine Sorge.,費用については我々はまったく心配していない。
Die im 20. Jahrhundert so mächtige Firma ist plötzlich vor die Hunde gegangen.,20世紀にあれほど兄弟だったその会社は急に転落してしまった。
"Es ist fast unmöglich, viele Menschen unter einen Hut zu bringen.",多くの人々の考えを一つにまとめるのはほとんど不可能だ。
Ich möchte für immer in dieser Firma arbeiten.,私はいつまでもこの会社で働きたい。
Bist du denn mit den Hausaufgaben immer noch nicht fertig?,おまえは相変わらずまだ宿題が終わらないのか？
"Wir sind nicht mehr imstande, ihm weiter zu helfen.",私たちはもうこれ以上彼を援助できない。
Der Mann hat viele Studenten in die Irre geführt.,あの男は何人もの学生を道に迷わせた。
In diesem riesigen Themenpark können die Kinder leicht in die Irre gehen.,この巨大なテーマパークでは子供たちは簡単に道に迷ってしまう。
"Je mehr, desto besser.",多ければ多いほど良い。
Sie hat unter den Klassenkameraden am schnellsten.,彼女が同級生の中で最も早く出世した。
Die Vorbereitungen waren für die Katz.,準備は何の役にも立たなかった。
Beim Ausverkauf muss man auch etwas schlechte Qualität in Kauf nehmen.,安売りなら多少品質が悪くても仕方がない。
"Sie war kaum aus dem Zimmer, als das Telefon klingelte.",彼女が部屋から出て行こうとした途端に電話が鳴った。
"Man muss zur Kenntnis nehmen, dass es nicht genug Lebensmittel gibt.",食料品が十分でないことに注意しなければならない。
Das Ergebnis der Prüfung wird in 2 Wochen zur Kenntnis gebracht.,試験の結果は2週間後に知らされる。
Meine Mutter hat von klein auf Klavier gelernt.,私の母は幼い頃からピアノを習っていた。
"Als sie ihm das sagte, wurde er ganz klein.",彼女が彼にそれを言うと、彼はしょんぼりしてしまった。
Die Leute in diesem Land sitzen jetzt in der Klemme.,この国の人々は現在窮地にある。
Die Kinder sind nass bis auf die Knochen nach Hause gekommen.,子供たちはずぶ濡れになって家に帰ってきた。
In einer Stunde kam er zu sich.,1時間後彼は意識を取り戻した。
Wir sind mit dem Hausmeister in Konflikt gekommen.,私たちは管理人ともめ事を起こしてしまった。
Ihre Frage hat ihn aus dem Konzept gebracht.,彼女の質問は彼をうろたえさせた。
Die Kinder haben das ganze Haus auf den Kopf gestellt.,子供たちは家中をめちゃくちゃに散らかした。
Mein Freund ist im Examen durchgefallen und hat den Kopf verloren.,友達は試験に落ちてうろたえていた。
Der letzte Dank geht auf Kosten des Hauses!,最後の一杯はうちのおごりだ。
Haben Sie die ganze Reise auf eigene Kosten gemacht?,あなたはその旅行の費用を全額自分でまかなったのですか？
Die Passagiere erreichten aus eigener Kraft das Ufer.,乗客は自力で岸にたどり着いた。
Diese Regeln sind weiterhin in Kraft.,これらの決まりは今後も有効である。
Alle üben an seiner neuen Methode Kritik.,みなが彼の新しいやり方を批判している。
Sein Vorschlag war unter aller Kritik.,彼の提案は話にならなかった。
Meine Schwester kümmert sich um die Katze.,姉が猫の世話をする。
Er ist vor kurzem nach Kyoto gezogen.,彼は最近京都に引っ越した。
Meine Eltern sind seit kurzem in Deutschland.,私の両親は先日来ドイツに行っている。
Der minister hat das neue System kurz und bündig erklärt.,大臣は新しい制度について簡潔に説明した。
Ich möchte mich kurz fassen.,手短に述べよう。
"Ich bin in der Lage, das Problem zu lösen.",etw. können
Haben Sie das Wörterbuch noch auf Lager?,この辞書はまだ在庫にありますか？
Ich kann nicht länger warten.,私はこれ以上待てない。
Seit langem kenne ich diese Familie.,ずっと以前から私はこの家族を知っている。
Er zieht immer die Besprechung in die Länge.,彼はいつも打ち合わせを長引かせる。
Die Sitzung zog sich sehr in die Länge.,会議は非常に長引いた。
Das ist noch längst nicht genug.,これではまだ十分とは言えない。
Im Lauf der Jahre hat sich bei uns vieles verändert.,年月が経つうちに私たちのところではいろんなことが様変わりした。
Im Laufe von 20 Jahren hatte der Chefkoch in vielen Restaurants der Welt Erfahrungen gesammeln. (*Erfahrungen sammeln: 経験を積む）,20年間で料理長は世界の多くのレストランで経験を積んできた。
Beim Unfall sind viele Leute ums Lebens gekommen.,その事故で多くの人が死んだ。
Das war ein Kampf auf Leben und Tod.,それは生死を賭けての戦いだった。
Der Mann hat sich gestern das Leben genommen.,その男は昨日自殺した。
"Ich habe vor, eine neue Firma ins Leben zu rufen.",私は新しい会社を設立するつもりだ。
Einen Diebstahl würde er nie im Leben begehen.,窃盗など、彼は決してしないだろう。
Sie war mit Leib und Seele bei der neuen Arbeit.,彼女は新しい仕事に全身全霊で打ち込んでいた。
Sie hat es nicht leicht.,彼女の立場は楽ではない。
Ich kann ihn nicht leiden.,私は彼が嫌いだ。
Ich kann Peter sehr gut leiden.,私はペーターが大好きだ。
Sie singt leidenschaftlich gern.,彼女は歌うのがものすごく好きだ。
"Es tut mir leid, dass ich Sie stören muss.",お邪魔して申し訳ありません。
Als Letzte kam sie.,最後に彼女がやってきた。
Diese Firma kenne ich bis ins Letzte.,この会社のことは事細かに知っている。
Jetzt muss die Wahrheit ans Licht gebracht werden.,今や真実が明らかにされなければならない。
Bei Licht besehen ist es nicht so schwer.,よく考えればこれはそれほど難しくはない。
Wir müssen in erster Linie an die Rettung der Opfer denken.,私たちは何よりもまず被害者の救出のことを考えなければいけない。
"Heute habe ich ihn in der Stadt gesehen, er hat mich aber links liegen lassen.",きょう私は町で彼に出会ったが、彼は素知らぬ顔をして行ってしまった。
Wir müssen ihre Forschungsergebnisse unter die Lupe nehmen.,私たちは彼女の研究成果を入念に調べなければならない。
"Ich habe keine Lust, ins Kino zu gehen.",私は映画に行きたくない。
Hier darf man nach Lust und Laune essen und trinken.,ここでは好きなだけ飲み食いして構わない。
Er kam mit 28 Jahren an die Macht.,彼は28歳で権力の座に就いた。
Er ist erst seit einem halben Jahr an der Macht.,彼が政権の座に就いてからまだ半年しか経っていない。
Mit einem Mal fing es an zu regnen.,突然雨が降り出した。
Das Kind hat von Mal zu Mal Fortschritte gemacht.,回を重ねるごとにその子供は上達した。
"Ich trinke jeden Tag Bier, aber in Maßen.",私は毎日、しかし適度にビールを飲んでいる。
Er misst oft mit zweierlei Maß.,彼はしばしば不公平だ。
"Die meisten Leute haben mehr oder weniger gemerkt, dass er lügt.",たいていの人々は彼が嘘をついていることに多少気づいていた。
Die Preise steigen mehr und mehr.,物価はますます上昇していく。
Nach Meiner Meinugn ist er ein tüchtiger Mann./Meiner Meinung nach ist die Energiewende die Rettung der Menschheit.[*die Energiewende: エネルギー政策の転換],私の見るところでは、彼は有能な男だ。/私はエネルギー政策の転換は人類を救出すると考えます。
"Ich bin der Meinung, dass sie eine fähige Frau ist.",かのじょは有能な女性だと思う。
Sie sprechen am meisten.,彼女が一番よくしゃべった。
Diese Aufgabe ist nicht im Mindesten schwierig.,この問題は少しも難しくない。
Er hätte sie mindestens anrufen können.,彼は少なくとも彼女に電話をかけることぐらいできたのに。
Er kam in letzter Minute.,彼は時間ギリギリにやってきた。
Der Eingang des Parks wird auf die Minute geschlossen.,公園の入り口は時間きっかりに閉められる。
Damals war der Folksong gerade in Mode gekommen.,当時フォークソングがちょうど流行し始めていた。
Das ist schon aus der Mode.,それはもう時代遅れだ。
Er kann jeden Moment zurückkommen.,彼は今すぐにも帰ってくるかもしれない。
Im Moment habe ich keine Zeit.,今の所私には時間がない。
Du lebst auf dem Mond.,君は浮世離れしている。
"Sie wurde nicht müde, immer wieder von der letzten Reise zu erzählen.",彼女は飽きもせずにこの前の旅行について繰り返し話しをした。
"Er gab sich Mühe, deutlich zu sprechen.",彼ははっきりした口調で話すよう努力した。
"Es ist nicht der Mühe wert, ihn nochmals anzurufen.",彼にもう一度電話をするなんて無駄なことだ。
In so einer gefährlichen Situation sollte man sicherheitshalber den Mund halten.,そのような危険な状況では用心のために黙っている方がよいでしょう。
Die Sache ist schon in aller Munde.,そのことはすでにみんなの噂になっている。
Die Landschaft hier ist nach wie vor wunderbar.,ここの景色は相変わらずすばらしい。
Es wird nach und nach dunkel.,次第に暗くなる。
Er wurde über Nacht Millionär.,彼は一夜にして大金持ちになった。
Der Dieb ist bei Nacht und Nebel in die Wohnung eingestiegen.,泥棒は夜陰に乗じてその住居に忍び込んだ。
"Ich war nahe daran, einen Vertrag zu unterzeichnen.",私はもう少しで契約書にサインをするところだった。
Im Namen der Universität begrüße ich Sie sehr herzlich.,大学を代表してみなさまを心から歓迎します。
Der Schriftsteller hat sich über Nacht einen Namen gemacht.,その作家は一夜にして有名になった。
Er steck seine Nase in alles.,彼は何にでも首を突っ込む。
Sie ist von Natur aus schüchtern.,彼女は生来内気だ。
Er nahm die schwere Arbeit auf sich.,彼はその困難な仕事を引き受けた。
Ihre Stimme fällt mir auf die Nerven.,彼女の声は私の神経にこたえる。
Sie hat mich mitten in der Nacht angerufen. Sie hat Nerven!,彼女は真夜中に電話をかけてきた。無神経な人だ。
von Neuem .Er begann aufs Neue über den Vorgesetzten zu murren. [*über...4 murren: ...4についてぶつぶつ不平を言う],彼はまたもや上司のことをぼやき始めた。
Das ist mir ganz neu.,これは私には初耳だ。
Mach dir nichts aus dem Gerede!,そんなうわさなんか気にするな！
Sie nahm von dem Ereignis kaum Notiz.,彼女はこの出来事をほとんど気に留めなかった。
"Er hat kein Recht, uns von oben herab anzusehen.",彼には私たちは見下す資格なんかない。
Während des Unterrichtes waren die Studenten ganz Ohr.,授業中、学生たちは熱心に聞いていた。
Der Ehalt der Bauernhofe liegt im Interesse der Allgemeinheit.,農場の維持は公共の利益になります。
Viele Leute fielen einem Attentat zum Opfer.,多くの人々が政治テロの犠牲になった。
Mit meinem PC ist etwas nicht in Ordnung.,私のパソコンはどこか調子が悪い。
"Es ist unmöglich, alle Angelegeneheiten bis morgen in Ordnung zu bringen.",すべての用件を明日までに処理することは不可能だ。
Nach ein paar Tagen habe ich meine Heimat verlassen. [ein paarは不変化、Tagのみnachに応じて変化する],二、三日たって私は故郷を後にした。
Der Minister nahm für Umweltschutz Partei.,大臣は環境保護の立場を支持した。
Er hat im Spiel Pech gehabt.,彼はゲームに負けた。
Er ist die Dummheit in Person.,彼は馬鹿そのものだ。
Die Wirtin in Person hat uns am Bahnhof abgeholt. [...4 am/vom Bahnhof abholen: ...4を駅へ迎えに行く],女将自ら私たちを駅に出迎えてくれた。
Ich für meine Person schätz das Ergebnis gar nicht.,私自身はこの結果をまったく評価していない。
Wir haben drei ganze Jahre wie ein Pferd gearbeitet.,わたしたちは丸3年馬車馬のように働いた。
Er pflegt an seinen freien Tagen zum Golf zu gehen.,彼は休日にゴルフに出かけるのを習慣にしている。
Eine Deutschlandreise steht auf dem Plan.,ドイツ旅行が計画されている。
Ich muss um jeden Preis die Prüfung bestehen.,私は是が非でもこの試験に合格せねばならない。
Diese Gelegenheit darf man um keinen Preis verpassen.,この機会は決して逃してはならない。
Im Prinzip habe ich nichts dagegen.,原則的には私はそれに何の反対もない。
Im Rahmen des Möglichen werden wir dich unterstützen. [*des Möglichen：形容詞möglichを名詞的に用いたdas Möglicheの2格],可能な範囲で私たちは君を援助するつもりだ。
In einem solchen Fall zieht man am besten einen Fachmann zu Rate.,このような場合、専門家の意見を聞くのが一番よい。
Wir müssen mit dem Schlimmsten rechnen. [*Schlimmsten：形容詞schlimmの最上級schlimmstの名詞的用法],我々は最悪の事態を覚悟せねばならない。
Du hast recht.,君の言う通りだ。
Alle Abgeordneten gaben dem Minister recht.,議員たちはみんなその大臣に賛成した。
"Es ist nur recht und billig, dass er entlassen wurde.",彼が解雇されたのは極めて当然のことだ。
Der Vater ärgerte sich mit Recht darüber.,父がそのことで怒ったのは当然だ。
Die Anwohner haben sich zu Recht über den Lärm der Bauarbeiten beklagt.,近隣住民が建設工事の騒音のことで苦情を言ったのはもっともだ。
Die Anwohner haben sich zu Recht über den Lärm der Bauarbeiten beklagt.,近隣住民が建設工事の騒音のことで苦情を言ったのはもっともだ。
"Von wem ist die Rede, wenn ich fragen darf?",誰のことが話題になっているのですか、もしお尋ねしてよければ。
Davon kann keine Rede sein.,それは話にならない。
Das Oktoberfest dauert in der Regel 16 Tage und endet am ersten Sonntag im Oktober.,オクトーバーフェスとはふつう16日間続き10月の最初の日曜日に終わる。
Er mmusste alle Gäste der Reihe nach begrüßen.,彼はすべてのゲストに順々に挨拶せねばならなかった。
Wann komme ich an die Reihe?,いつになったら私の番が回ってくるのですか？
Ich werde nächsten Sommer für ein paar Wochen auf Reisen gehen. [*für ein paar Wochen],私は今度の夏数週間の予定で旅に出る。
Gestern machte sie sich wieder auf die Reise.,昨日彼女はふたたび旅立った。
Geld spielt bei ihm gar keine Rolle. [*keine Rolle spielen：役割を演じない（否定する場合）],彼はお金のことなど全然問題にしていない。
Schon lange kehrt er mir den Rücken.,もう長い間彼は私にそっぽを向いている。
Er nimmt immer viel Rücksicht auf seine Mitmenschen.,彼は仲間にいつも十分な配慮をしている。
Sie will mit Rücksicht auf ihre Gesundheit an der Reise nicht teilnehmen.,彼女は健康状態を考えて旅行には参加しないつもりだ。
Wollen wir gleich zur Sache kommen!,すぐに本題に入ることにしよう。
Das tut nichts zur Sache.,それは関係ない。
Unser Projekt ist leider in eine Sackgasse geraten.,我々のプロジェクトは残念ながら行き詰まってしまった。
Haben Sie daszu etwas zu sagen.,これに対し何かおっしゃりたいことがありますか？
Ich habe deine Ausreden satt.,君の言い訳にはうんざりだ。
Durch das Kohlendioxid nimmt die Umwelt großen Schaden.,二酸化炭素によって環境は大きな被害を受けている。
Die Kälte machte ihnen zu schaffen.,寒さが彼らを苦しめた。
Er scheint der richtige Mann dafür zu sein.,彼はそれにうってつけの男のようだ。
Vor dem bekannten Restaurant muss man immer Schlange stehen.,その有名なレストランの前ではいつも行列しなければならない。
Neulich hat mein Mann mit dem Rauchen Schluss gemacht.,最近私の夫はタバコをやめた。
"Zum Schluss möchte ich Ihnen ""Vielen Dank!"" sagen.",最後にみなさまに「どうもありがとう！」と言わせていただきます。
Sein Englisch wird Schritt für Schritt besser.,彼の英語は徐々によくなっていく。
Ich kann mit ihm nicht Schritt halten.,彼とは歩調が合わない。
Ich habe an allem Schuld.,すべては私のせいだ。
Sie zeigt mir neuerdings die kalte Schulter.,彼女は最近私を冷たくあしらう。
Ich werde ihn mit alle Kraft in Schutz nehmen. [*mit aller Kraft: 全力で],私は彼を全力で弁護するつもりだ。
Den Zustand des Patienten darf man nicht auf die leichte Schulter nehmen.,患者の容体を軽く考えてはいけない。
Darf ich Ihre Erlaubnis schwarz auf weiß habne?,あなたの許可を文書でいただけますか？
Sie haben es schwer. [*esは形式目的語],彼らは苦労している。
Die politische Organisation geriet finanziell in Schwierigkeiten.,その政治団体は資金の面で困難に陥った。
Ich bin meines Erfolgs sicher.,私は成功を確信している。
Er hat immer nichts Gutes im Sinn.,彼はいつもよからぬことを企んでいる。
Seine Ratschläge waren mir völlig aus dem Sinn gekommen.,彼の忠告を私はすっかり忘れてしまっていた。
"Es regnete so stark, dass die Kinder zu Hause bleiben mussten.",雨があまりに激しかったので、子供達は家にいなければならなかった。
"Das Kind hatte plötzlich hohes Fieber bekommen, so dass es nicht kommen konnte.",その子供は突然発熱したので来ることができなかった。
Er lief so schnell wie möglich.,彼はできるだけ速く走った。
Ich mache mir Sorgen um die Zukunft der Kinder.,私は子供達の将来が心配だ。
Sie spricht sowohl Englisch als auch Deutsch.,彼女は英語もドイツ語も話す。
Er hat alles aufs Spiel gesetzt.,彼は全てを賭けた。
Sie haben auf dem Rückweg nach Frankfurt in Köln Station gemacht.,彼らはフランクフルトへ帰る途中ケルンに立ち寄った。
An Stelle der Milch gab es zum Frühstück Orangensaft.,牛乳のかわりにオレンジジュースが朝食に出た。
An deiner Stelle würde ich das Geld sofort zurückzahlen.,私が君の立場だったらそのお金をすぐに返済するだろうに。
Viele nahmen gegen den Vorschlag Stellung.,多くの人々がその提案に反対の態度をとった。
Der Patient liegt im Sterben.,その患者は死に瀕している。
Sie hat ihre Freundin im Stich gelassen.,彼女は友人を見捨てた。
Sein Alibi ist nicht stichhaltig. [*das Alibi[アーリビ]: アリバイ],彼のアリバイは根拠が十分でない。
Die Gäste waren alle in Stimmung.,ゲストはみんな上機嫌だった。
Die Eltern sind stolz auf ihren fleißigen Sohn.,両親は勤勉な息子のことを誇りにしている。
Beim Widersehen haben sie sich auf offener Straße umarmt.,再開して彼らは公衆の面前で抱き合った。
"Es war damals unmöglich, gegen den Strom zu schwimmen.",当時は大勢に逆らうことは不可能だった。
Sie kamen Stück für Stück weiter. [*weter/kommen: 先へ進む（s）,彼らは一歩ずつ進んだ。
Es wird von Tag zu Tag wärmer.,日一日と暖かくなる。
Es regnete Tag für Tag.,来る日も来る日も雨だった。
Wir arbeiten Tag und Nacht.,私たちは昼夜働いた。
Das Kind rechnete in der Tat gut.,その子は本当に計算が上手だった。
Zum Teil kann ich dem Vorschlag zustimmen.,部分的には私はその提案に賛成できる。
Es geht ihm ein gut Teil besser.,彼の容体はずっとよくなった。
"Während der Reise hatten wir teils Sonnenschein, teils Regen.",旅行中は晴天に恵まれたり雨にたたられたりだった。
Er hat das Problem unter den Teppich gekehrt.,彼はその問題を闇に葬った。
Sie war über die Nachricht zu Tode erschrocken. [*über...4 erschrecken: ...4に驚く(s)],彼女はその知らせにひどく驚いていた。
Ich will mit diesem Mann nichts zu tun haben.,私はこの男とは関わりを持ちたくない。
Ich habe damit viel zu tun.,この件とは大いにかかわりがある。
Das ist überhaupt nicht möglich.,そんなことは全く不可能だ。
Sie hat für Baseball viel übrig.,彼女は野球に大変関心を持っている。
"Ich habe zwar ab und zu Schmerzen im Kreuz, aber im Übrigen geht es mir recht gut.",私は時々腰が痛むがそれ以外はかなり調子が良い。
Um den Park herum stehen hohe Bäume.,公園の周囲には高い木が立っている。
Unter keinen Umständen dürfen die Pläne nach außen sickern.,どんなことがあってもこの計画が外部に漏れてはならない。
Unter keinen Umständen dürfen die Pläne nach außen sickern.,どんなことがあってもこの計画が外部に漏れてはならない。
Unter Umständen kann sie an der Party nicht teilnehmen.,場合によっては彼女はパーティーに出席できないかもしれない。
"Die Gäste kommen übermorgen, und zwar um 7 Uhr abends.",ゲストは明後日、詳しく言えば晩の7時にやってくる。
Er wurde zu Unrecht bestraft.,彼は不当に処罰された。
Im Unterschied zu seinem Vater ist er ein vernünftiger Mann.,父親とは違って彼は分別のある男だ。
Ohne Unterschied des Geschlechts können alle Schüler an dem Fußballturnier teilnehmen.,性別のいかんを問わず、生徒はサッカーのトーナメントに参加できる。
Ich werde mich sofort mit meinem Chef in Verbindung setzen.,すぐに部長と連絡を取るつもりです。
Meinen Wagen stelle ich Ihnen jederzeit zur Verfügung.,私の車はいつでも自由にお使いください。
Mein Wagen steht Ihnen jederzeit zur Verfügung.,私の車をいつでも自由にお使いください。
Wie viele Flugzeuge hat die Firma zur Verfügung?,会社が自由に使える飛行機は何機ありますか？
Im Vergleich mit mir kann mein Bruder viel schneller laufen.,私と比べると兄はずっと速く走ることができる。
Das bereitet mir Vergnügen.,それをするのが私は楽しい。
Die unerwartete Frage hat den Lehrer in Verlegenheit gebracht.,その予期せぬ質問が先生を困らせた。
Meine Monatskarte ist verloren gegangen.,私の定期券がなくなってしまった。
Seine Worte haben mich zur Vernungt gebracht.,彼の言葉が私を正気に返らせた。
Im Vertrauen auf sein Talent habe ich ihn eingestellt.,彼の才能をあてにして私は彼を採用した。
Ihr plötzlicher Besuch brachte ihn völlig in Verwirrung.,彼女の突然の訪問は彼をすっかり狼狽させた。
Er bummelte in der Stadt vor sich hin.,彼は当てもなく街をぶらついた。
Für Ihre Mühe danke ich Ihnen im Voraus.,I thank you in advance for your effort.
Draußen standen einige Männer Wache.,外では何人かの男たちが見張りに立っていた。
Mit diesen Leuten kann ich nicht warm werden.,このような人たちとは私は気が合わない。
Was für ein Auto hast du gekauft? [*日常語ではwasとfür einが離れることもある。したがってWas hast du für ein Auto gekauftも可],君はどんな車を買ったんだい？
Unsere Reise nach Deutschland ist leider ins Wasser gefallen.,私たちのドイツ旅行は残念ながらだめになった。
Sie spricht weder Englisch noch Deutsch.,彼女は英語もドイツ語も話せない。
Nach diesem Streit geht er mir aus dem Weg.,あの喧嘩以来、彼は私を避けている。
Er geht stets seinen Weg.,彼は常に我が道を行く。
"Es dauerte eine Weile, bis die Kinder zurückkamen. [*Es dauerte... bis...: ...するまで時間がかかる、非人称esとbisの副文によるよく用いられる構文]",子供達が帰ってくるまで、しばらくかかった。
Die Kinder kamen nach einer Weile wieder zurück.,子供達はしばらくしてからまた戻ってきた。
Das Buch eignet sich in keiner Weise als Geschenk.,この本はプレゼントとしてまったくふさわしくない。
Du sagst bei Weitem schöner als sie.,君は彼女よりはるかに美しく歌った。
Weit und breit war niemand zu sehen.,見渡す限り人っ子ひとり見えなかった。
Er hat es weit gebracht.,彼は成功した。
Dieses Medikament bekommt man ohne Weiteres fast in jedem Geschäft.,この薬は簡単にほとんどどこの店でも手にはいる。
Was in aller Welt denkst du? [*疑問視の直後に置いて強調として用いる],君はいった何を考えているんだい？
Im Jahre 1749 kam Goethe zur Welt.,1749年にゲーテが生まれた。
Ich bin ein wenig müde.,私は少し疲れている。
Sie waren schon am Werk.,彼らはもう仕事に取りかかっていた。
Nun wollen wir uns gleich ans Werk machen.,さあすぐに仕事に取り掛かろう。
Der neue Plan ist schwer ins Werk zu setzen.,その新しいプランは実行に移すのが難しい。
Der Chef legt großen Wert auf Ordnung.,部長は整理整頓を大いに重んじている。
Der Student macht immer wieder den gleichen Fehler.,その学生は何度も何度も同じ間違いを繰り返す。
Ich möchte ihn nie wieder sehen.,彼には二度と会いたくない。
Er hat Wind davon bekommen.,彼はそれを嗅ぎつけた。
Er hat unsere Ratschläge in den Wind geschlagen.,彼は我々の助言を受け付けなかった。
"In Wirklichkeit gibt es keinen Beweis, dass er es gestohlen hat.",実際のところ彼が盗んだという証拠はどこにもない。
Davon will ich nichts mehr wissen.,私はもうそのことに関わりたくない。
Meines Wissens kandidiert er nicht als Prädient. [als... kandidieren: ...として立候補する],私の知る限り彼は大統領に立候補しない。
Sie hat jede Frage nach bestem Wissen und Gewissen beantwortet.,彼女はどの質問にも誠心誠意答えた。
Wohl oder übel musst du es tun.,君は否でも応でもそうしなければならない。
"Als er die Nachricht erfuhr, fiel er aus allen Wolken.",この知らせを聞いた時、彼はびっくり仰天した。
Der Vorsitzende verbot uns das Wort.,議長は私たちに発言を禁じた。
Ich lasse mir von dir nicht den Mund verbieten!,君に僕の口を封じさせはしない。
Fühlen wir ihm einmal auf den Zahn?,一度あいつの腹を探ってみよう。
Sie hat ihm den Zahn gezogen.,彼女が彼の甘い期待を打ち砕いた。
Beiß die Zähne zusammen!,歯を食いしばれ！
"Hast du Zeit, mit mir ins Kino zu gehen?",映画に行く時間ある？
"Sie ist zu jung, als dass sie heiraten könnte.",彼女は結婚するには若すぎる。
Durch Zufall haben wir uns kennengelernt.,偶然に私たちは知り合った。
Man kann ihn schwer zufriedenstellen.,彼を満足させるのは難しい。
Er hat seinen Eltern monatlich Geld zukommen lassen.,彼は毎月両親に仕送りした。
In Zukunft werde ich fleißiger sein.,今後はもっと勤勉になります。
Was habe ich ihr zuleide getan?,私が彼女に何をしたというのか？
Alle Leute und nicht zuletzt die Kinder haben den Star gern. [*...4 gernhaben: ...4が好きである],全ての人々が、とりわけ子供達がこのタレントが好きだ。
Der Taifun hat die ganze Ernte zunichtegemacht.,台風がすべての収穫をだめにしてしまった。
Unsere Hoffnungen wurden zunichte.,私たちの希望は打ち砕かれた。
Zurzeit bin ich sehr beschäftigt.,今の所私は大変忙しい。
Mit der Zeit erkaltete seine Liebe zu ihr.,彼女に対する彼の愛は時とともに冷めてしまった。
Von Zeit zu Zeit treffe ich ihn in der Stadt.,ときおり町で彼を見かけることがある。
Im Zusammenhang mit diesen Verbrechen wurden zwei Männer festgenommen.,この事件との関連で男が二人逮捕された。
Wir konnten endlich den Vertrag zustande bringen.,私たちはようやく契約を成立させることができた。
Die Verhandlung ist endlich zustande gekommen.,交渉がようやくまとまった。
Sein Talent wurde relativ spät zutage gebracht.,彼の才能はだいぶ後になってから明らかになった。
Dieses Buch eignet sich sehr gut als Geschenk für ihn.,この本は彼へのプレゼントとしてとてもふさわしい。
Sie haben auf dem Rückweg nach Frankfurt in Köln Station gemacht.,彼らはフランクフルトに戻る途中、ケルンに立ち寄った。
