日本語,英語 (English)
本日はこのような機会をいただき、ありがとうございます。,Thank you / for giving me / this opportunity today.
ドイツに住んで4年になります。,I have lived / in Germany / for four years.
現在は高齢者介護施設で調理師として働いています。,"Now, / I work / as a cook / at a senior care facility."
厨房を管理し、多くのスタッフと連携して働いています。,I manage the kitchen / and work / with many staff members.
その前は、鉄道会社で運転士の訓練を受けていました。,"Before this, / I trained / to be a train driver / at a railway company."
全ての座学研修を修了し、実務経験も積みました。,I finished / all the classes / and got / hands-on experience.
これらは化学業界とは異なる仕事でしたが、,"These jobs / were outside / the chemical industry,"
ドイツの働き方や100%ドイツ語環境でのスピーディーな対話に慣れるのに役立ちました。,but they helped me / get used to / German work culture / and fast communication / in a 100% German environment.
日本では、国立大学を卒業後、電子材料分野で5年以上のB2B営業に携わっていました。,"In Japan, / after graduating / from a national university, / I worked in B2B sales / in the electronic materials field / for over five years."
半導体部品向けの高品質インキを専門にしていました。,I specialized / in high-quality inks / for semiconductor parts.
主な顧客は半導体メーカーや自動車関連企業でした。,My main clients / were semiconductor / and automotive companies.
海外営業として、日本、台湾、中国、欧州のお客様を担当しました。,"As an international sales consultant, / I worked with clients / in Japan, Taiwan, China, / and Europe."
主な業務は、海外顧客のサポート、価格や売上の管理、技術文書の作成、エンジニアチームとの技術課題の解決でした。,"My main jobs / were supporting global clients, / managing prices and sales, / handling technical documents, / and solving technical problems / with our engineering team."
半導体・自動車業界への深い知見とドイツでの強い適応力を活かし、貴チームに即戦力として貢献できると確信しています。,"With my deep knowledge / of the semiconductor / and automotive industries, / and my strong adaptability / in Germany, / I am confident / I can contribute / to your team / right away."
ドイツに来た一番の理由は家族です。,The main reason / I came to Germany / was my family.
妻はドイツ人です。,My wife / is German.
私たちは日本で出会って結婚し、数年間日本で暮らしていました。,We met / and married in Japan / and lived there / for a few years.
しかし、2020年のコロナ禍の最中に第一子が生まれました。,"However, / our first child was born / in 2020, / during the COVID-19 pandemic."
厳しい制限のため、家族や友人に会うことができませんでした。,"Because of strict rules, / we could not see / our family and friends."
慣れない外国で生まれたばかりの赤ん坊を育てるのは、妻にとって大変なことでした。,My wife / had a hard time / raising a newborn baby / in a foreign country.
そこで、妻のため、そして家族の将来のためにドイツへ引越すことを決めました。,"So, / we decided to move / to Germany / for her / and our family's future."
到着した当時、私はドイツ語が全く話せませんでした。,"When I arrived, / I could not speak / any German."
しかし、どうしても早く現地に適応したいと思っていました。,But / I really wanted to / adapt quickly.
言語と文化を学ぶためにインテグレーションコースを受け、その後プロジェクトマネジメントの専門研修を修了しました。,"I took / an Integrationskurs / to learn the language and culture, / and then finished / a Weiterbildung / in Professional Project Management."
これらのコースやここでの実務経験を通して、ドイツでの生活や仕事に順応することができました。,"Through these courses / and my work experience here, / I successfully adapted / to living and working / in Germany."
現在は家族の生活も落ち着き、電子・産業材料分野でキャリアを再スタートする準備が完全に整いました。,"Now / our family is settled, / and I am fully ready / to restart my career / in the electronic and industrial materials field."
正直に申し上げますと、当時はドイツで家族との安定した生活を築くことが最優先でした。,"To be honest, / at that time, / making a stable life / for my family in Germany / was my top priority."
妻は彼女の両親からのサポートを必要としていたため、別の都市へ引っ越すという選択肢はありませんでした。,"My wife / needed support / from her parents, / so moving to another city / was not an option."
このような状況のもと、ドイツでの生活基盤を作るため、地元の鉄道会社で電車運転士という新たな挑戦を決意しました。,"Under these conditions, / I wanted to build my base / in Germany / and decided to try / a new challenge / as a train driver / for a local railway company."
一生懸命に勉強し、学科試験とすべての座学研修に合格しました。,I worked very hard / and passed / the written license exam / and all classroom courses.
しかし、実技研修を進める中で、これが自分の得意分野ではないことに気づき、途中でやめる決断をしました。,"However, / during the practical training, / I realized / that this was not / my strong point, / so I decided to stop."
重要なのは、この経験が私にとっての転機となったことです。,"Importantly, / this experience / was a turning point / for me."
自分の本当の情熱と強みは、B2B営業の経験を活かして日本とグローバル市場をつなぐことだと明確に実感しました。,It made me / clearly realize / that my real passion / and strength / is using my B2B sales experience / to connect Japan / and global markets.
その後、現地での実務経験を積み、ドイツ語力を伸ばすために現在の会社に入社しました。,"Then, / I joined my current company / to get local work experience / and improve / my German skills."
現在では、家族生活も語学力もドイツでの暮らしも非常に安定しています。,"Now, / my family life, / language skills, / and life in Germany / are very stable."
自分の本来のスキルを活かし、日本とドイツをつなぐ役割で長く貢献する準備ができています。,I am ready / to work for a long time / in a role / where I can connect Japan and Germany / using my real skills.
私は高品質インキ、特に電子回路基板（PCB）用の絶縁インキを専門にしていました。,"I specialized / in high-quality inks, / especially insulating inks / for electronic circuit boards, / or PCBs."
これらの製品は、スマートフォンやPCといった身近なデバイスから、サーバー、自動車、宇宙機器などのハイエンド技術に至るまで、多くのものに不可欠です。,"These products / are essential / for many things— / from everyday devices / like smartphones and PCs / to high-end technology / like servers, cars, / and even space equipment."
実際、私たちの製品はこのカテゴリーにおいて世界シェア第1位を誇っていました。,"In fact, / our products had / the number-one market share / in the world / in this category."
このインキの主な役割は、電子回路を保護し、製品の安全性と品質を高めることです。,The main job of this ink / is to protect / the electronic circuits / and make the products / safer and better quality.
このインキは電子機器製造において非常に重要であるため、私は厳格な品質基準や技術ニーズについて深く学びました。,"Because this ink / is very important / for making electronics, / I learned a lot / about strict quality standards / and technical needs."
もちろん、異なる文化や言語で交渉することは、最初は挑戦（難しさ）を伴います。,"Of course, / negotiating / in a different culture and language / is a challenge / at first."
しかし私には、台湾や中国の海外顧客を担当していた日本での強固な土台がすでにあります。,"But I already have / a strong foundation / from Japan, / where I managed / international clients / across Taiwan and China."
私が学んだのは、交渉とは「勝ち負け」ではないということです。,I learned / that negotiation / is not about / winning or losing.
最も重要なのは、あらゆる可能性を探り、双方の双方が納得できる解決策を見つけることです。,The most important thing / is to explore all possibilities / and find a solution / where both sides / are satisfied.
5年間の経験とドイツでの順応力があれば、貴社の交渉スタイルにもすぐに適応できると確信しています。,"With my 5 years of experience / and my adaptability / here in Germany, / I am sure / I can adapt / to your negotiation style / very quickly."
現在、私はドイツでの生活をとても楽しんでいます！,I really enjoy / my life in Germany / now!
最初は、複雑な手続きや灰色の冬の寒さに少し苦労しました。,"At first, / the bureaucracy / and the grey winter days / were a bit difficult."
しかし、電車運転士や調理師としての仕事を通して、現地の人々やドイツのシステムとの付き合い方を学びました。,"But through my work / as a Lokführer and a Cook, / I learned how to deal / with local people / and German systems."
今では家族とともにここでとても幸せに暮らしており、ドイツは私の第二の故郷だと感じています。,"Now, / my family and I / are very happy here, / and I feel Germany / is my second home."
はい、現在はまったく問題ありません。,"Yes, / it is / perfectly fine now."
妻の両親の近くに住むことを選んだ主な理由の1つは、互いに助け合うためです。,One of the main reasons / we chose to live / near my wife’s parents / is to help each other.
現在は子供も大きくなり、妻の家族からの手厚いサポートもあるため、妻も私の仕事を全力で応援してくれています。,"Now / our child is older, / and we have strong support / from her family, / so my wife / fully supports my job."
必要であればいつでも、数日間や数週間の出張にも問題なく対応できます。,I have no problem / traveling for business / for days or weeks / whenever necessary.
【課題】 前の仕事では、コストが高く売上も少ないため、赤字になっている古い製品がいくつかありました。,"In my last job, / we had some old products / that were losing money / because of high costs / and low sales."
【行動】 プロジェクトリーダーとして、これらの赤字製品をなくすためのプロジェクトを引っ張りました。,"As Project Leader, / I led a project / to stop making / these unprofitable products."
社内では、技術部門や製造部門と一緒に計画とスケジュールを作りました。,"Internally, / I made a plan / and a schedule / with engineering / and manufacturing teams."
社外では、お客様に状況を分かりやすく説明し、代替品や最後の注文期間といった現実的な提案をして交渉を引っ張りました。,"Externally, / I talked with clients. / I explained the situation / and offered good solutions, / like new products / or a final order time."
【成果】 その結果、すべての顧客と完全な合意に至り、解約されたアカウントは一つもありませんでした。,"As a result, / we reached an agreement / with all clients / without losing any customers."
これにより赤字がなくなり、全体の利益が大幅に改善すると同時に、私のリーダーシップと交渉力も強化されました。,This stopped our money loss / and greatly improved / our profit. / It also improved / my leadership / and negotiation skills.
キャリアの初期に、お客様向けの技術レポートが数日遅れてしまったことがありました。,"Early in my career, / a technical report / for a customer / was delayed / by a few days."
エンジニアチームがすでに業務過多になっていることに気づかず、自分自身の理想的なスケジュールに基づいて締め切りを設定してしまっていました。,"I set the deadline / based on my ideal timeline, / without knowing / the engineering team / was already too busy."
お客様に状況を説明して信頼を維持することはできましたが、私にとって非常に大きな学びの機会となりました。,"I explained the situation / to the client / and kept their trust, / but it was / a big learning experience for me."
【学び】 この経験から、部署横断プロジェクトの管理について主に2つのことを学びました。,"[The Learning] From this, / I learned two main things / for managing / cross-functional projects:"
予備時間（バッファー）を作ること：常に時間にゆとりを持たせ、理想的なスケジュールに基づいた締め切りの約束は絶対にしないこと。,1. Build buffer time: / Always include / extra time / and never promise / ideal deadlines.
積極的な進捗確認：締め切りをただ待つのではなく、定期的なチェックポイントを設けて進捗を確認すること。,2. Proactive check-ins: / Set regular check-ins / to monitor progress / instead of just waiting / for the deadline.
それ以来、私は常にこの積極的な手法を用いており、お客様の締め切りを破ったことは一度もありません。,"Since then, / I have always used / this proactive approach / and never missed / a customer deadline again."
【強み】 私の最大の強みは、他人の視点で物事を見ることができ、信頼関係を築けることです。,My greatest strength / is my ability / to see things / from others' perspectives / and build trust.
B2B営業において、私は複雑な交渉を担当し、関係者全員にとってメリットのある（Win-Winの）解決策を見つけてきました。,"In B2B sales, / I managed / complex negotiations / to find win-win solutions / for everyone."
この強みを活かして強いパートナーシップを築き、チームの成果を最大化します。,I will use this strength / to build / strong partnerships / and maximize / our team’s success.
【弱み】 一方で、私の弱みは慎重になりすぎてしまうところです。,"On the other hand, / my weakness / is that / I can be / overly cautious."
信頼を維持するために状況を深く分析しますが、スピードも同じくらい重要だと理解しています。,"To keep trust, / I analyze situations deeply, / but I know / speed is / just as important."
両者のバランスを取るため、常にタスクに優先順位をつけ、厳格な締め切りを設定して、正確さと効率性を両立させています。,"To balance both, / I set clear priorities / and strict deadlines / to be / both careful and fast."